
    <description xmlns="http://cpee.org/ns/description/1.0">
      <call id="a1" endpoint="frames_init">
        <parameters>
          <label>"Init Frame"</label>
          <arguments>
            <style_url>https://cpee.org/form/frames.css</style_url>
            <document_url/>
            <x_amount>5</x_amount>
            <y_amount>8</y_amount>
            <lang>de-at</lang>
            <document_name>Show Info</document_name>
          </arguments>
        </parameters>
        <annotations>
          <_timing>
            <_timing_weight/>
            <_timing_avg/>
            <_context_data_analysis>
              <probes/>
              <ips/>
            </_context_data_analysis>
            <report>
              <url/>
            </report>
            <explanations/>
          </_timing>
          <_notes>
            <_notes_general/>
          </_notes>
        </annotations>
        <documentation>
          <input/>
          <output/>
          <implementation>
            <description/>
          </implementation>
        </documentation>
      </call>
      <call id="a3" endpoint="frames_display">
        <parameters>
          <label>Clear </label>
          <arguments>
            <type>set</type>
            <lx>0</lx>
            <ly>0</ly>
            <x_amount>5</x_amount>
            <y_amount>8</y_amount>
            <button/>
            <style/>
            <urls/>
            <default/>
          </arguments>
        </parameters>
        <annotations>
          <_timing>
            <_timing_weight/>
            <_timing_avg/>
            <_context_data_analysis>
              <probes/>
              <ips/>
            </_context_data_analysis>
            <report>
              <url/>
            </report>
            <explanations/>
          </_timing>
          <_notes>
            <_notes_general/>
          </_notes>
        </annotations>
        <documentation>
          <input/>
          <output/>
          <implementation>
            <description/>
          </implementation>
        </documentation>
      </call>
      <call id="a6" endpoint="frames_display">
        <parameters>
          <label>Show Header</label>
          <arguments>
            <type>set</type>
            <lx>0</lx>
            <ly>0</ly>
            <x_amount>5</x_amount>
            <y_amount>1</y_amount>
            <button/>
            <style/>
            <urls>
              <urls_item>
                <lang>de-at</lang>
                <url>https://cpee.org/form/tum-header.html</url>
              </urls_item>
            </urls>
            <default/>
          </arguments>
        </parameters>
        <annotations>
          <_timing>
            <_timing_weight/>
            <_timing_avg/>
            <_context_data_analysis>
              <probes/>
              <ips/>
            </_context_data_analysis>
            <report>
              <url/>
            </report>
            <explanations/>
          </_timing>
          <_notes>
            <_notes_general/>
          </_notes>
        </annotations>
        <documentation>
          <input/>
          <output/>
          <implementation>
            <description/>
          </implementation>
        </documentation>
      </call>
      <call id="a5" endpoint="frames_display">
        <parameters>
          <label>Display Graph</label>
          <arguments>
            <type>set</type>
            <lx>3</lx>
            <ly>1</ly>
            <x_amount>2</x_amount>
            <y_amount>7</y_amount>
            <button/>
            <style/>
            <urls>
              <urls_item>
                <lang>de-at</lang>
                <url>!"https://cpee.org/flow/graph.html?monitor=" + cpee.instance_url</url>
              </urls_item>
            </urls>
            <default/>
          </arguments>
        </parameters>
        <annotations>
          <_timing>
            <_timing_weight/>
            <_timing_avg/>
            <_context_data_analysis>
              <probes/>
              <ips/>
            </_context_data_analysis>
            <report>
              <url/>
            </report>
            <explanations/>
          </_timing>
          <_notes>
            <_notes_general/>
          </_notes>
        </annotations>
        <documentation>
          <input/>
          <output/>
          <implementation>
            <description/>
          </implementation>
        </documentation>
      </call>
      <loop mode="post_test" condition="true">
        <_probability>
          <_probability_min/>
          <_probability_max/>
          <_probability_avg/>
        </_probability>
        <call id="a2" endpoint="frames_display">
          <parameters>
            <label>Show Button</label>
            <arguments>
              <type>wait</type>
              <lx>0</lx>
              <ly>1</ly>
              <x_amount>1</x_amount>
              <y_amount>1</y_amount>
              <button/>
              <style/>
              <urls>
                <urls_item>
                  <lang>de-at</lang>
                  <url>https://cpee.org/form/button.html</url>
                </urls_item>
              </urls>
              <default/>
            </arguments>
          </parameters>
          <annotations>
            <_timing>
              <_timing_weight/>
              <_timing_avg/>
              <_context_data_analysis>
                <probes/>
                <ips/>
              </_context_data_analysis>
              <report>
                <url/>
              </report>
              <explanations/>
            </_timing>
            <_notes>
              <_notes_general/>
            </_notes>
          </annotations>
          <documentation>
            <input/>
            <output/>
            <implementation>
              <description/>
            </implementation>
          </documentation>
        </call>
        <call id="a7" endpoint="frames_display">
          <parameters>
            <label>Clear Button</label>
            <arguments>
              <type>set</type>
              <lx>0</lx>
              <ly>1</ly>
              <x_amount>1</x_amount>
              <y_amount>1</y_amount>
              <button/>
              <style/>
              <urls/>
              <default/>
            </arguments>
          </parameters>
          <annotations>
            <_timing>
              <_timing_weight/>
              <_timing_avg/>
              <_context_data_analysis>
                <probes/>
                <ips/>
              </_context_data_analysis>
              <report>
                <url/>
              </report>
              <explanations/>
            </_timing>
            <_notes>
              <_notes_general/>
            </_notes>
          </annotations>
          <documentation>
            <input/>
            <output/>
            <implementation>
              <description/>
            </implementation>
          </documentation>
        </call>
        <stop id="a4"/>
      </loop>
    </description>
